Subject_ID	Cluster
Subj_02da55fa	1
Subj_030a3354	1
Subj_05f57419	2
Subj_0631e306	1
Subj_06cabf6c	1
Subj_0c02dbf2	1
Subj_1228d709	3
Subj_128639af	1
Subj_128d09dc	2
Subj_14eb8045	2
Subj_175135fe	1
Subj_1758a4b0	3
Subj_1874c2cf	1
Subj_188edafa	1
Subj_1a5ad058	1
Subj_1b1361b3	2
Subj_1cb60f79	2
Subj_1cca9f81	1
Subj_1d5983f7	1
Subj_1e96bcf2	1
Subj_1f485cb6	3
Subj_224dc393	2
Subj_237edd62	3
Subj_23d77493	2
Subj_23dd0be0	3
Subj_26221f93	3
Subj_2bdfdc7c	1
Subj_30efa05e	2
Subj_3380e771	3
Subj_38a81b25	1
Subj_3d2f9980	2
Subj_3d426f83	2
Subj_3d6e228f	1
Subj_406b17b7	1
Subj_464a28c7	1
Subj_476283f6	3
Subj_492ef74f	2
Subj_49d8bfa6	2
Subj_4b09fa79	3
Subj_4ba22d3c	2
Subj_4d1159dd	1
Subj_4e59b73d	3
Subj_4ee897a3	2
Subj_4f7c6b2f	3
Subj_535274a5	2
Subj_558be967	1
Subj_56dee75f	2
Subj_572a7c65	3
Subj_5816588a	2
Subj_5a184e56	2
Subj_5aabb512	2
Subj_5bc2c935	1
Subj_5e152c59	2
Subj_5ea543fd	2
Subj_60e2038d	2
Subj_6295c70b	2
Subj_650d88a1	3
Subj_6579a1ae	2
Subj_66535e14	2
Subj_67dec94d	2
Subj_68b25dd2	1
Subj_6968e8c2	1
Subj_6c8d28e2	3
Subj_6d81a52b	2
Subj_6e29f9d9	2
Subj_6f7d59dd	1
Subj_70c4857c	2
Subj_72b71371	1
Subj_735b4b95	1
Subj_7535c499	3
Subj_76a9f3fc	2
Subj_79c38c5e	3
Subj_7a602d10	1
Subj_7af92afb	2
Subj_7b86ffe2	1
Subj_7e1cecbd	1
Subj_7ff326e0	1
Subj_803c6747	2
Subj_808fce87	1
Subj_80bfcac2	3
Subj_8557d073	1
Subj_857f0148	2
Subj_88e05bde	3
Subj_8b48500b	3
Subj_8c7a6694	1
Subj_8d91c4be	1
Subj_8e87fba2	3
Subj_8ef6c1bc	3
Subj_8fa95a8d	3
Subj_91245297	1
Subj_96f8e6ac	1
Subj_977a55ec	3
Subj_98c815a3	1
Subj_990a7cba	3
Subj_9a6c775c	2
Subj_9b77114a	1
Subj_9b9f2c91	2
Subj_9cdb94d1	1
Subj_9d0c1107	2
Subj_9f621c0f	1
Subj_a4a38a22	1
Subj_a56fd839	1
Subj_a7b87e83	3
Subj_a8f43017	1
Subj_aba21b12	3
Subj_af4f750a	3
Subj_b4cf1b9d	3
Subj_b5095d08	1
Subj_b741da89	1
Subj_b7726c1a	2
Subj_b7c739c9	1
Subj_b82ddf4f	2
Subj_bca30fba	2
Subj_bf2bf92b	3
Subj_c665f523	2
Subj_c76458ce	2
Subj_c8719b33	2
Subj_cb1296c7	1
Subj_ccce11a7	1
Subj_ce17b133	3
Subj_cfa8b753	2
Subj_d0544d28	2
Subj_d1dc29d4	3
Subj_d42085cf	3
Subj_d4626a9b	2
Subj_d6c2f748	3
Subj_d78770a0	1
Subj_d9bb1b6a	3
Subj_da24293e	1
Subj_db8b671f	1
Subj_dc557cb4	1
Subj_dcce851f	3
Subj_de78995d	2
Subj_e19edd6e	1
Subj_e1e3b175	1
Subj_e34fa597	1
Subj_e3d686b8	1
Subj_e4729ab6	1
Subj_e53e70d3	2
Subj_e687040d	1
Subj_e78f97d6	2
Subj_ecfd9917	1
Subj_ee630923	2
Subj_efb76cb1	2
Subj_f09c9d08	2
Subj_f1d9c69f	2
Subj_f28b1b6a	3
Subj_f32baa8f	1
Subj_f38e5dca	1
Subj_f5259cc7	1
Subj_f84c1a76	1
Subj_f874b0ab	2
Subj_fba056e9	1
Subj_fcf3089a	1